first_name,last_name,email,username,password
Felicdad,Ryder,fryder0@hhs.gov,fryder0,ZZkvUxXMEGg
Roseline,Kubacek,rkubacek1@a8.net,rkubacek1,ocYVz8I
Niall,Grevel,ngrevel2@admin.ch,ngrevel2,m7sjj1lqm
Ellen,Dutton,edutton3@bigcartel.com,edutton3,GfQZuzpmNbm2
Axel,Eisold,aeisold4@boston.com,aeisold4,pvh4DsJX
Anette,Stanning,astanning5@google.fr,astanning5,eyp9eWDAth
Mordecai,Tatchell,mtatchell6@wisc.edu,mtatchell6,E9PRP2MikkDQ
Marie-ann,Knyvett,mknyvett7@ted.com,mknyvett7,pXdEKPj
Natalya,Prisley,nprisley8@army.mil,nprisley8,JMqjchFxcCY
Boyd,Swindell,bswindell9@skype.com,bswindell9,rT39opqt9nAz

